/opt/lampp/htdocs/fr/final/server/uploads/fr1473865431.5672_dah_exp_2.2.jpg;0
/opt/lampp/htdocs/fr/final/server/uploads/fr1473865431.5679_dah_exp_2.3.jpg;0
/opt/lampp/htdocs/fr/final/server/uploads/fr1473865431.5695_dah_exp_2.4.jpg;0
/opt/lampp/htdocs/fr/final/server/uploads/fr1473865431.5713_dah_exp_2.5.jpg;0
/opt/lampp/htdocs/fr/final/server/uploads/fr1473865431.5725_dah_exp_2.7.jpg;0
/opt/lampp/htdocs/fr/final/server/uploads/fr1473865431.5715_dah_exp_2.6.jpg;0
/opt/lampp/htdocs/fr/final/server/uploads/fr1473865443.1192_dah_exp_2.7.jpg;0
/opt/lampp/htdocs/fr/final/server/uploads/fr1473865443.1199_dah_exp_2.8.jpg;0
/opt/lampp/htdocs/fr/final/server/uploads/fr1473865443.121_dah_exp_2.9.jpg;0
/opt/lampp/htdocs/fr/final/server/uploads/fr1473865443.1218_dah_exp_2.10.jpg;0
/opt/lampp/htdocs/fr/final/server/uploads/fr1473865456.8069_dah_exp_2.8.jpg;0
/opt/lampp/htdocs/fr/final/server/uploads/fr1473865456.8087_dah_exp_2.9.jpg;0
/opt/lampp/htdocs/fr/final/server/uploads/fr1473865456.809_dah_exp_2.10.jpg;0
/opt/lampp/htdocs/fr/final/server/uploads/fr1473865456.8099_dah_exp_2.11.jpg;0
/opt/lampp/htdocs/fr/final/server/uploads/fr1473865456.8118_dah_exp_2.12.jpg;0
/opt/lampp/htdocs/fr/final/server/uploads/fr1473865456.8125_dah_exp_2.13.jpg;0
/opt/lampp/htdocs/fr/final/server/uploads/fr1473865456.8137_dah_exp_2.14.jpg;0
